Timestamp,Are currently employed?,What industry do you work in?,What is your current role or job title?,How many years of professional experience do you have?,Are there any Gen AI tools approved by your organization? ,"Do you use any generative AI tools for professional tasks? (e.g., ChatGPT, Copilot, Google Gemini, Claude)",Which Gen AI tool do you use?,How frequently do you use GenAI tools in your professional tasks?,Gen AI tools are very important for my professional tasks,Integrate Gen AI with other technologies related to it.,Learn to use unfamiliar Gen AI tools.,Use Gen AI for simple tasks.,Use Gen AI for complex tasks.,Become skillful using Gen AI.,Find support for problems that are beyond my abilities to solve using Gen AI.,Show people around me how to use it.,I am a better worker with the use of Gen AI.,I feel personally connected to the Gen AI tools I use in my work.,Please describe two or three work-related tasks you used Gen AI for.,How does it make you feel to report that you used Gen AI for work-related tasks?,I often find myself turning to GenAI as my first step in tackling professional problems.,"Considering my relationship with Gen AI, it has become something I often rely on.",I feel more confident making decisions at work when I use GenAI,I know how to use GenAI tools to improve the quality of my work related tasks.,My peers at work approve my use of Gen AI.,My manager at work supports my use of Gen AI.,People around me don't show disapproval regarding the use of Gen AI at work,What is your age group?,What is your gender?,What is your highest level of education completed?,What is your country of residence?
6/22/2025 15:42:10,Yes,"IT / Tech, Consulting",CEO,More than 15 years,"ChatGPT (OpenAI), Google Gemini (Formerly Bard), GitHub Copilot",Yes,"ChatGPT (OpenAI), Google Gemini (formerly Bard), GitHub Copilot",Daily,1,5,5,3,5,5,5,3,5,5,"Style, code simplification, unfamiliar or new API usage",I’m comfortable ,3,3,3,4,5,5,5,62,Male,Bachelor’s degree,Brazil
6/22/2025 16:05:30,Yes,Law,Attorney ,1–3 years,ChatGPT (OpenAI),Yes,ChatGPT (OpenAI),A few times a week,4,1,3,5,2,2,4,5,3,1,Translations and text review ,"Ok, it's not a big deal ",1,1,2,4,5,5,5,26-35,Female,Bachelor’s degree,Brazil
6/22/2025 12:00:17,Yes,IT / Tech,SDE,1–3 years,no,Yes,"ChatGPT (OpenAI), Claude (Anthropic)",A few times a week,3,4,4,2,5,4,5,3,4,2,"Debugging, Making Reports, Sending professional emails",Not good,3,4,4,4,4,3,3,18-25,Male,Master’s degree,Canada
6/22/2025 16:35:59,Yes,IT / Tech,ERP Finance Consultant ,4–7 years,ChatGPT (OpenAI),Yes,ChatGPT (OpenAI),Daily,2,2,2,5,4,4,4,5,5,5,"Writing professional emails, solving technical issues ",I usually tend to hide it. ,4,4,4,5,3,2,2,26-35,Female,Bachelor’s degree,Canada
6/22/2025 15:00:59,Yes,Creative / Media,Marketing manager ,4–7 years,ChatGPT (OpenAI),Yes,ChatGPT (OpenAI),Daily,1,5,3,5,5,5,5,4,3,4,"1- search 
2- marketing plan 
",Necessary to shorten time and effort,5,5,4,5,5,1,4,26-35,Male,Bachelor’s degree,Egypt
6/22/2025 17:02:50,Yes,Pre sales in,Pre sale employee ,Less than 1 year,"ChatGPT (OpenAI), Google Gemini (Formerly Bard)",Yes,"ChatGPT (OpenAI), Google Gemini (formerly Bard)",Daily,1,2,1,5,4,3,4,5,4,3,I use to find equation that I can use to estimate the size of places and now the materials  that used to blid  different houses ,Updated,3,3,3,4,4,3,4,26-35,Female,Bachelor’s degree,Egypt
6/21/2025 16:12:11,Yes,IT / Tech,Tester,1–3 years,"ChatGPT (OpenAI), Google Gemini (Formerly Bard), Claude (Anthropic), Microsoft Copilot, GitHub Copilot",Yes,"ChatGPT (OpenAI), Google Gemini (formerly Bard), Claude (Anthropic), Microsoft Copilot, GitHub Copilot",A few times a week,3,3,5,5,5,5,5,5,3,4,"Codes, Email Language, Tickets resolving",Good and Effecient,4,4,4,4,4,4,4,18-25,Male,Bachelor’s degree,Germany
6/21/2025 16:14:15,Yes,IT / Tech,Intern in Corporate IT,1–3 years,Microsoft Copilot,Yes,"ChatGPT (OpenAI), Microsoft Copilot",Daily,1,4,4,5,5,5,5,3,4,4,"Email writing, excel macros, template designing, ideas collecting, coding ",Supportive and happy,4,3,3,5,4,4,4,26-35,Female,Bachelor’s degree,Germany
6/21/2025 16:17:42,Yes,Education / Academia,Master's Thesis Student,1–3 years,"ChatGPT (OpenAI), Claude (Anthropic)",Yes,ChatGPT (OpenAI),A few times a week,3,3,3,2,3,3,3,3,1,1,"Sending email, Writing cover letter",Convenient,1,1,1,1,3,3,3,26-35,Male,Bachelor’s degree,Germany
6/22/2025 12:55:05,Yes,Education / Academia,Team assistant ,1–3 years,,Yes,"ChatGPT (OpenAI), Deepseek, Google AI Studio",Daily,5,5,5,5,5,5,5,5,5,5,"- Writing emails.
- Instructions to use tools.
- Replacement to Microsoft office ",All is good as long as it complies with Data protection.,5,5,5,5,,,,26-35,Female,Master’s degree,Germany
6/22/2025 13:03:55,Yes,IT / Tech,Software Developer,1–3 years,GitHub Copilot,Yes,"ChatGPT (OpenAI), Google Gemini (formerly Bard), Claude (Anthropic), GitHub Copilot",A few times a week,3,3,3,3,3,3,3,3,3,3,"Debugging, code review, code improvements",Unprofessional,3,3,3,3,3,3,3,18-25,Female,Bachelor’s degree,Germany
6/22/2025 13:08:41,Yes,IT / Tech,BI,4–7 years,"ChatGPT (OpenAI), Google Gemini (Formerly Bard), Microsoft Copilot",Yes,"ChatGPT (OpenAI), Google Gemini (formerly Bard)",Rarely,2,3,3,4,4,4,4,4,3,2,"debugging code errors, code optimization",less comfortable.,1,2,2,4,4,4,4,26-35,Male,Bachelor’s degree,Germany
6/22/2025 13:11:07,Yes,IT / Tech,Software engineer ,1–3 years,ChatGPT (OpenAI),Yes,ChatGPT (OpenAI),Daily,1,3,4,2,4,4,3,3,4,3,"Writing code, Command Line prompts, Git commands and also brain storming ideas",Neutral,3,4,4,5,3,3,4,26-35,Male,Bachelor’s degree,Germany
6/22/2025 13:13:48,Yes,"IT / Tech, Education / Academia",Teaching Assistant ,1–3 years,Consensus,Yes,"ChatGPT (OpenAI), Google Gemini (formerly Bard), Claude (Anthropic)",A few times a week,2,4,4,5,4,5,4,5,4,3,"I used Gen AI to build generative AI models, work on automation-related projects, and solve complex mathematical problems.",Using Gen AI has made my work more efficient. It’s exciting to embrace new technologies that enhance productivity.,4,4,4,4,3,3,3,26-35,Male,Master’s degree,Germany
6/22/2025 13:16:08,Yes,Education / Academia,,4–7 years,,Yes,"ChatGPT (OpenAI), Microsoft Copilot, GitHub Copilot",Daily,3,2,3,3,2,3,2,2,3,4,Refining letters coding and translations ,Good,3,3,3,2,2,2,3,26-35,Male,Master’s degree,Germany
6/22/2025 14:03:00,Yes,Education / Academia,Content Author,4–7 years,"It wasn't explicitly told, but I've seen colleagues using ChatGPT openly.",Yes,ChatGPT (OpenAI),A few times a week,2,4,5,5,4,3,3,5,4,2,"Help me write emails or messages I wasn't sure were clear enough, and paraphrase content I had developed to become more succinct.","Uncomfortable, since it makes me feel like I'm losing credit for my work.",4,5,4,2,3,3,4,26-35,Female,Master’s degree,Germany
6/22/2025 14:23:12,Yes,Manufacturing of 3d Printed equipment,Devloper and Assistant (but no official title),Less than 1 year,ChatGPT (OpenAI),Yes,ChatGPT (OpenAI),A few times a month,3,5,5,5,4,4,3,4,5,1,Help with writing Google App Scripts. Help with writing Google sheet functions,"I feel indifferent to it's use for work and see it as another tool, and my employer doesn't mind it's use. I try my best to avoid it for academic tasks however.",1,1,2,2,5,5,1,18-25,Male,Bachelor’s degree,Germany
6/22/2025 14:23:20,Yes,Education / Academia,Student Assistant,Less than 1 year,,Yes,ChatGPT (OpenAI),Daily,1,2,3,5,5,5,5,2,5,5,writing professional emails/ laying out an intial work structure to tackle a specific problem or task/ ,bad about myself/ i am trying to rely on it less but this is the reality of things ,5,5,5,5,,,,18-25,Female,Master’s degree,Germany
6/22/2025 14:39:46,Yes,IT / Tech,Software Engineer,4–7 years,"ChatGPT (OpenAI), Google Gemini (Formerly Bard), Claude (Anthropic), Microsoft Copilot, Midjourney, GitHub Copilot, Consensus, All AI tools are allowed",Yes,"ChatGPT (OpenAI), GitHub Copilot, DeepSeek",A few times a week,3,5,5,5,5,5,5,5,4,1,"Writing emails, automatic code and developer comments completion, help with writing developer documentation","It feels neutral, although it sometimes makes me question my actual abilities",2,4,3,5,5,5,2,18-25,Male,Bachelor’s degree,Germany
6/22/2025 14:47:59,Yes,"IT / Tech, Education / Academia",Student assistant,4–7 years,ChatGPT (OpenAI),Yes,ChatGPT (OpenAI),A few times a week,3,5,5,5,5,5,5,5,2,3,1. Correcting homework and some questions are open-ended. Sometimes the answers are very ambiguous so I would ask Chat GPT if it’s correct. 2. Programming and the package imports or dependencies are causing issues so I would solve it using Gen AI,I don’t mind because I know I do the majority of the work myself. I use Gen AI like I would use Google or YouTube tutorials; as a supplementary support and not as the source of all my thinking. ,1,4,3,5,4,4,5,18-25,Female,Bachelor’s degree,Germany
6/22/2025 14:54:38,Yes,IT / Tech,AI Engineer ,1–3 years,Google Gemini (Formerly Bard),Yes,"ChatGPT (OpenAI), Google Gemini (formerly Bard)",Daily,4,4,2,3,5,2,5,5,5,5,"Solve hard bugs and write code, understand some concepts and brainstorm for ideas and recent tech used. ","I feel confident in accomplishing tasks and relieved that I can find solutions and support through AI tools. However, at the same time, I feel like I’m not fully using my own thinking when it comes to calculations and complex problem analysis. This makes me feel like I’m relying on AI more than on myself, and I worry that I’m losing trust in my own ability to solve problems independently.",4,4,4,5,5,5,2,36-45,Female,Master’s degree,Germany
6/22/2025 15:37:51,Yes,Education / Academia,Lecturer ,8–15 years,It’s not formally approved yet,Yes,"ChatGPT (OpenAI), Microsoft Copilot",A few times a week,2,3,3,4,5,3,4,2,4,4,"Quizes and discussion tasks, besides somtimes simplifications of some terminologies ","I have to reflect the use if AI ethically that i am not depending on it alone, where i have to make sure about the resources because not all of thrm are mostly correct.",5,4,4,4,4,2,4,26-35,Female,Doctorate (PhD or equivalent),Germany
6/22/2025 17:07:25,Yes,Creative / Media,Freelance translator,4–7 years,Quillbot,Yes,"ChatGPT (OpenAI), Microsoft Copilot",A few times a month,3,2,5,5,3,4,4,4,4,1,"- Full translation of simple scripts.
- Paraphrasing of content.
- Checking fluency of written content.",Ok as long as I proofread and make sure that the AI generated content is up to par.,4,4,3,4,5,4,3,26-35,Female,Bachelor’s degree,Germany
6/22/2025 21:54:11,Yes,Healthcare,Doctor,4–7 years,,Yes,ChatGPT (OpenAI),A few times a month,3,1,2,4,4,2,3,3,5,2,"Organising my schedule, preparing my paperwork and presentations",I feel ok,2,3,2,3,2,2,2,26-35,Female,Master’s degree,Germany
6/22/2025 22:39:24,Yes,Education / Academia,PhD student,8–15 years,ChatGPT (OpenAI),Yes,"ChatGPT (OpenAI), Google Gemini (formerly Bard), Microsoft Copilot, GitHub Copilot",Daily,3,3,2,3,3,2,3,3,3,3,I use it basically as an alternative to Google search it made it more effective to find the right resource more easily,Normal,5,5,4,3,3,3,3,26-35,Female,Master’s degree,Germany
6/22/2025 22:56:14,Yes,Education / Academia,Research assistant ,4–7 years,ChatGPT (OpenAI),Yes,ChatGPT (OpenAI),Daily,2,3,3,5,5,3,3,4,4,4,"Email writing 
Scientific Research questions ",Its okey ,4,4,3,5,3,1,4,26-35,Male,Master’s degree,Germany
6/23/2025 7:05:50,Yes,Education / Academia,Dr.,8–15 years,"Google Gemini (Formerly Bard), Claude (Anthropic), Microsoft Copilot",Yes,"ChatGPT (OpenAI), Google Gemini (formerly Bard), Claude (Anthropic), Microsoft Copilot",Daily,4,4,4,4,5,4,4,5,5,4,.,.,4,4,4,5,5,2,5,36-45,Female,Doctorate (PhD or equivalent),Germany
6/23/2025 9:36:38,Yes,IT / Tech,Data Scientist ,Less than 1 year,"Claude (Anthropic), GitHub Copilot",Yes,"ChatGPT (OpenAI), Claude (Anthropic), GitHub Copilot",Daily,2,3,5,2,5,4,5,3,4,4,"Programming tasks, analysis",Not good,5,4,4,4,4,2,3,26-35,Female,Bachelor’s degree,Germany
6/21/2025 15:37:02,Yes,Government / Public sector,Executive ,Less than 1 year,"ChatGPT (OpenAI), Microsoft Copilot",Yes,ChatGPT (OpenAI),A few times a month,3,3,4,2,5,4,5,5,3,2,"Draft professional mail, preparing presentations ",I feel more productive as it becomes a time saving tool while doing work related tasks,3,2,3,5,5,4,5,18-25,Female,Bachelor’s degree,India
6/21/2025 15:41:50,Yes,Education / Academia,Teacher ,1–3 years,"ChatGPT (OpenAI), Google Gemini (Formerly Bard)",Yes,ChatGPT (OpenAI),Rarely,,3,2,4,3,3,2,1,5,4,Don’t know ,Good ,2,4,4,4,4,4,4,18-25,Female,Bachelor’s degree,India
6/21/2025 15:53:33,Yes,IT / Tech,Software developer ,1–3 years,"ChatGPT (OpenAI), Google Gemini (Formerly Bard), Claude (Anthropic), Microsoft Copilot",Yes,"ChatGPT (OpenAI), Google Gemini (formerly Bard), Claude (Anthropic), Microsoft Copilot, GitHub Copilot",Daily,1,5,5,3,5,5,3,,4,4,"Coding 
Testing ",Na,,,,,,,,18-25,Male,Bachelor’s degree,India
6/21/2025 17:09:47,Yes,"IT / Tech, ",Sr. Quality engg,1–3 years,"ChatGPT (OpenAI), Google Gemini (Formerly Bard)",Yes,"ChatGPT (OpenAI), Claude (Anthropic)",Daily,5,5,5,1,5,5,5,5,5,5,Making apps using AI for work,Yes,5,5,5,5,5,5,5,26-35,Female,Bachelor’s degree,India
6/21/2025 17:10:49,Yes,IT / Tech,Software engineer ,Less than 1 year,Microsoft Copilot,Yes,"ChatGPT (OpenAI), Microsoft Copilot",A few times a month,2,2,4,1,1,3,1,2,4,4,Rearly use for the information that I need in my work about my work task,It's good gen ai really helpful in work related tasks,2,4,4,4,4,4,4,18-25,Female,Bachelor’s degree,India
6/21/2025 17:54:40,Yes,IT / Tech,Senior exec,1–3 years,Nope,Yes,ChatGPT (OpenAI),A few times a week,3,3,4,5,3,4,5,4,4,5,Basic Google questions ,Happy for the help ,3,4,5,3,4,5,3,26-35,Male,Bachelor’s degree,India
6/21/2025 19:14:06,Yes,Education / Academia,Assistant Professor,8–15 years,"ChatGPT (OpenAI), Google Gemini (Formerly Bard), Microsoft Copilot, GitHub Copilot",Yes,"ChatGPT (OpenAI), Google Gemini (formerly Bard), Microsoft Copilot, GitHub Copilot",Daily,1,3,5,1,5,4,4,4,4,4,"Creating case Studies, higher order thinking based assignments and creating presentations ",Technologies are bound to make work easier and makes me more productive hence I feel completely relax to report the same,2,2,2,5,4,5,5,26-35,Female,Master’s degree,India
6/21/2025 20:26:18,Yes,IT / Tech,SRE/DEVOPS,1–3 years,Microsoft Copilot,Yes,Microsoft Copilot,A few times a week,4,5,5,5,5,5,5,5,5,5,"Coding, shell scripting, Email",Cool,4,4,5,5,3,4,5,18-25,Male,Bachelor’s degree,India
6/21/2025 20:38:06,Yes,Creative / Media,Jewellery Desinger,Less than 1 year,"ChatGPT (OpenAI), Google Gemini (Formerly Bard)",Yes,"ChatGPT (OpenAI), Google Gemini (formerly Bard)",A few times a week,3,3,3,4,2,3,3,3,3,3,"1.Jewelry Design Ideas:
Used Gen AI to generate creative concepts, collection names, and mood boards for jewelry projects.
2.Market Research:
Used AI to gather insights on trends, brands, and competitors for better design alignment.","It feels empowering to use Gen AI it helped me brianstrom faster, visualize design direction clearly, and explore more variations than i colud manually in the same time ",3,3,2,3,3,3,3,18-25,Female,Bachelor’s degree,India
6/22/2025 9:01:35,Yes,IT / Tech,Software Developer ,Less than 1 year,No,Yes,ChatGPT (OpenAI),Rarely,4,3,3,3,,4,4,4,4,2,Get some clarification on business logic,Nice,2,1,2,4,2,1,2,18-25,Male,Bachelor’s degree,India
6/22/2025 9:05:45,Yes,Education / Academia,Assistant Professor ,24,"Not approved,but I often used GPT and Gemini ",Yes,"ChatGPT (OpenAI), Google Gemini (formerly Bard)",A few times a month,4,4,4,1,5,3,4,2,3,3,"For learning excel formulas, for solving complicated numericals",Knowledgeable and confident,3,3,3,3,3,3,3,46-55,Female,Master’s degree,India
6/22/2025 9:32:30,Yes,IT / Tech,Machine Learning Developer,1–3 years,"ChatGPT (OpenAI), Microsoft Copilot",Yes,Microsoft Copilot,Never,3,4,4,2,4,4,3,4,4,3,.,".

",3,3,2,3,3,2,3,18-25,Female,Bachelor’s degree,India
6/22/2025 9:40:40,Yes,IT / Tech,Salesforce Developer ,1–3 years,"ChatGPT (OpenAI), Google Gemini (Formerly Bard)",Yes,ChatGPT (OpenAI),Rarely,2,3,3,2,5,3,5,3,3,5,"In writing complex logic, For solving errors ",Not great ,4,3,3,4,4,3,4,18-25,Female,Bachelor’s degree,India
6/22/2025 9:47:09,Yes,IT / Tech,Software Engineer,1–3 years,ChatGPT (OpenAI),Yes,"ChatGPT (OpenAI), Claude (Anthropic), GitHub Copilot",A few times a week,1,4,5,4,4,4,4,4,4,3,"Code Review, Function or Code snippet optimization, Draft replies to client queries or emails.","I use it to improve me work quality and efficiency and do not blindly follow it, thus, I can confidently say that I use Gen AI only to deliver better solutions.",3,2,3,4,4,4,4,18-25,Male,Bachelor’s degree,India
6/22/2025 9:58:07,Yes,Manufacturing industry ,Process engineer ,1–3 years,"ChatGPT (OpenAI), Google Gemini (Formerly Bard), GitHub Copilot",Yes,"ChatGPT (OpenAI), Google Gemini (formerly Bard), GitHub Copilot",Daily,1,2,4,4,4,4,4,5,5,5,"AI is used in daily working life to prepare task manuals, confirm engineering data for simulation, and support with basic engineering package data like CAS numbers, molecular structure, and micro-level details.","Using Gen AI for work-related tasks makes me feel more confident and efficient. It supports me in handling complex data, reduces repetitive work, and helps ensure accuracy in simulations and documentation. It is  a valuable tool that enhances my productivity without replacing critical engineering judgment.",5,5,5,4,4,5,5,18-25,Female,Bachelor’s degree,India
6/22/2025 10:26:49,Yes,IT / Tech,Associate Consultant,1–3 years,"Microsoft Copilot, GitHub Copilot",Yes,"ChatGPT (OpenAI), Google Gemini (formerly Bard)",A few times a month,3,4,5,4,5,5,4,5,3,3,"Generating SQL queries, Process of setting up internal environment, To upskill",Not very good,2,4,4,4,4,2,3,18-25,Female,Bachelor’s degree,India
6/22/2025 10:37:46,Yes,Creative / Media,Social media marketer,Less than 1 year,"ChatGPT (OpenAI), Google Gemini (Formerly Bard), Claude (Anthropic), Microsoft Copilot, Midjourney, GitHub Copilot",Yes,"ChatGPT (OpenAI), Google Gemini (formerly Bard), Claude (Anthropic), Microsoft Copilot, Midjourney, GitHub Copilot",Daily,5,1,5,5,5,5,5,4,5,4,"- To make creatives
- To do automation 
- To search


",It make me feel efficient and up-to-date.,3,3,5,4,4,4,5,26-35,Female,Bachelor’s degree,India
6/22/2025 10:42:17,Yes,IT / Tech,Data Engineer ,1–3 years,"Microsoft Copilot, GitHub Copilot",Yes,"Microsoft Copilot, GitHub Copilot",A few times a week,3,4,4,5,4,5,4,5,5,4,"I’ve used Gen AI to:

Write and optimize SQL/Spark queries for data analysis and transformation.

Draft documentation and technical summaries for pipelines and data workflows.

Troubleshoot code and debug errors by exploring possible fixes and best practices.","I feel confident using Gen AI for work—it boosts my productivity and helps me solve problems faster, as long as I validate the output.",3,4,5,5,5,5,5,18-25,Male,Bachelor’s degree,India
6/22/2025 10:47:50,Yes,"IT / Tech, Healthcare",Senior Software Engineer,1–3 years,,Yes,"ChatGPT (OpenAI), Google Gemini (formerly Bard), Microsoft Copilot, GitHub Copilot",A few times a week,4,4,4,4,4,4,4,4,4,4,"I used Gen AI to assist in:

Generating boilerplate code for React components, Redux stores, API service layers, and unit tests.
Refactoring large legacy JavaScript files into modular, readable, and optimized ES6+ code.
Ensuring code followed best practices like DRY (Don't Repeat Yourself) and SOLID principles.","It feels good to:

Leverage cutting-edge tools to work smarter, not harder.
Save time on repetitive or complex tasks, allowing more focus on creative problem-solving and high-impact work.
Stay ahead in a fast-evolving tech landscape by embracing AI as a collaborative assistant, not a replacement.",4,3,4,4,4,4,4,18-25,Male,Bachelor’s degree,India
6/22/2025 11:27:55,Yes,Education / Academia,Teacher ,1–3 years,"ChatGPT (OpenAI), Google Gemini (Formerly Bard), Microsoft Copilot",Yes,"ChatGPT (OpenAI), Google Gemini (formerly Bard), Microsoft Copilot",Daily,5,5,5,5,5,5,5,5,5,5,"1. Creating weekly planning schedule 
2. Creating extra complex or simple tests using the PDFs
3. Creating simple yet descriptive powerpoint presentations for teaching purpose ",It's more easy to create/ plan/ generate/ and many more things to do using ai.,5,5,5,5,5,5,5,26-35,Male,Master’s degree,India
6/22/2025 13:30:20,Yes,IT / Tech,Software Engineer ,Less than 1 year,"ChatGPT (OpenAI), Google Gemini (Formerly Bard), Microsoft Copilot, GitHub Copilot",Yes,"ChatGPT (OpenAI), Google Gemini (formerly Bard), Microsoft Copilot, GitHub Copilot",Daily,4,3,3,1,5,4,4,4,4,4,"Drafting professional emails and client communications more quickly.
"," I feel efficient and empowered. Using Gen AI helps me save time and improves the quality of my work. However, sometimes I worry about whether others might think I'm relying on it too much or not using my own skills.
",3,4,3,3,4,4,4,18-25,Male,Bachelor’s degree,India
6/22/2025 13:33:40,Yes,"IT / Tech, Education / Academia",PhD scholar AI/ML,4–7 years,"ChatGPT (OpenAI), Google Gemini (Formerly Bard)",Yes,"ChatGPT (OpenAI), Google Gemini (formerly Bard)",A few times a week,1,3,3,3,4,4,3,4,3,3,"New idea,writing code,brainstorm ",Great ,3,3,3,3,3,3,2,26-35,Female,Doctorate (PhD or equivalent),India
6/22/2025 16:36:19,Yes,IT / Tech,Associate,1–3 years,"Microsoft Copilot, GitHub Copilot",Yes,Microsoft Copilot,A few times a week,1,4,4,4,5,4,5,4,5,5,"Writing emails, complex scripts etc",Its great and supportive,4,3,5,5,5,5,4,18-25,Male,Bachelor’s degree,India
6/22/2025 18:46:04,Yes,IT / Tech,Software Engineer,1–3 years,ChatGPT (OpenAI),Yes,ChatGPT (OpenAI),A few times a week,3,2,3,4,3,1,3,3,3,3,"Search of any new technologies,",Much faster work can do,3,3,3,3,2,2,2,26-35,Male,Bachelor’s degree,India
6/23/2025 5:37:55,Yes,Creative / Media,Senior designer ,1–3 years,"ChatGPT (OpenAI), Midjourney",Yes,"ChatGPT (OpenAI), Midjourney",A few times a month,3,2,2,4,4,4,4,4,2,2,NA,NA,4,3,3,3,4,4,3,18-25,Female,Bachelor’s degree,India
6/23/2025 5:41:53,Yes,IT / Tech,Software Engineer ,1–3 years,,Yes,ChatGPT (OpenAI),A few times a month,3,4,5,5,4,4,4,4,4,4,Basic tasks which are easy to do but boring to type,Good as the labour work was done by AI,3,3,3,4,4,5,4,18-25,Male,Bachelor’s degree,India
6/23/2025 14:21:07,Yes,Education / Academia,Teacher,8–15 years,ChatGPT (OpenAI),Yes,ChatGPT (OpenAI),Rarely,1,2,2,3,3,3,2,2,1,1,Its easy,Nice,4,1,2,2,1,1,2,36-45,Male,Bachelor’s degree,India
6/22/2025 13:46:55,Yes,IT / Tech,Technical Consultant ,Less than 1 year,"ChatGPT (OpenAI), Microsoft Copilot, GitHub Copilot",Yes,"ChatGPT (OpenAI), Microsoft Copilot",Daily,2,4,3,2,5,3,3,4,4,3,For getting more information about technical stuff ,Good,2,2,2,2,2,3,2,18-25,Female,Bachelor’s degree,Ireland {Republic}
6/22/2025 13:59:49,Yes,Oil & Gas,And. Drilling Engineer,More than 15 years,,Yes,ChatGPT (OpenAI),Rarely,4,1,3,5,3,3,4,,3,3,Emails modification mainly,Rarely used AI for work related tasks.,3,2,3,3,1,1,1,36-45,Male,Bachelor’s degree,Qatar
6/22/2025 15:57:03,Yes,IT / Tech,Help desk ,1–3 years,ChatGPT (OpenAI),Yes,"ChatGPT (OpenAI), Google Gemini (formerly Bard), Midjourney",A few times a week,4,3,4,2,4,4,5,5,5,5,Sheets. Letters. Troubleshooting ,My organization encourages using aid of ai,3,4,4,5,5,5,5,26-35,Male,Master’s degree,Qatar
6/22/2025 16:13:05,Yes,IT / Tech,,8–15 years,Copilot ,Yes,ChatGPT (OpenAI),A few times a week,3,3,3,5,1,3,3,2,1,1,Search in doc library ,Normal,3,1,1,3,5,5,5,36-45,Prefer not to say,Master’s degree,Qatar
6/22/2025 18:02:52,Yes,IT / Tech,Monitoring & Evaluation Officer,1–3 years,ChatGPT (OpenAI),Yes,ChatGPT (OpenAI),A few times a week,3,4,3,2,4,4,5,3,3,4,"Generate content in English, develop monitoring & evaluation plans, and write case studies from our context in humanitarian job.",A little bit shameful ,4,3,2,4,2,1,4,26-35,Female,Bachelor’s degree,Qatar
6/22/2025 18:51:35,Yes,IT / Tech,Oracle EBS financial consultant,8–15 years,No,Yes,Microsoft Copilot,A few times a week,4,3,3,3,3,3,3,5,2,2,Some outlook changes i did for my email,Its ok for me no problem to report that if it happened,5,4,5,5,1,3,5,36-45,Female,Bachelor’s degree,Qatar
6/22/2025 20:04:37,Yes,Finance / Banking,IT Support Engineer ,4–7 years,"ChatGPT (OpenAI), Microsoft Copilot, GitHub Copilot",Yes,ChatGPT (OpenAI),A few times a week,2,2,2,1,2,3,2,2,1,1,Professional and formal Email writing ,"Like cheating, because it will look like i didn’t do the work myself. ",1,1,1,2,2,1,1,26-35,Female,Bachelor’s degree,Qatar
6/22/2025 22:32:34,Yes,IT / Tech,It Consultant ,More than 15 years,"ChatGPT (OpenAI), Google Gemini (Formerly Bard)",Yes,ChatGPT (OpenAI),Daily,1,2,2,5,3,2,3,4,2,2,Email trubshooting knowledge ,Good,5,2,3,2,4,3,5,46-55,Male,Master’s degree,Qatar
6/23/2025 0:14:21,Yes,Education / Academia,Teacer,4–7 years,ChatGPT (OpenAI),Yes,ChatGPT (OpenAI),A few times a week,3,3,4,2,4,3,4,3,3,3,Search about information & how to write perfect emails ,Normally ,3,3,4,4,4,4,4,36-45,Female,Bachelor’s degree,Qatar
6/22/2025 13:07:17,Yes,Government / Public sector,BI consultant ,8–15 years,Microsoft Copilot,Yes,"ChatGPT (OpenAI), Claude (Anthropic)",A few times a week,2,3,3,3,5,3,5,4,5,3,"Code correction
Demonstrate and breakdown ideas",I am ok with that,3,3,3,3,2,4,3,36-45,Male,Master’s degree,Saudi Arabia
6/22/2025 13:09:00,Yes,IT / Tech,Business developer ,4–7 years,"ChatGPT (OpenAI), Google Gemini (Formerly Bard)",Yes,ChatGPT (OpenAI),A few times a month,2,3,3,1,3,5,3,5,3,4,"Data analysis 
Goals breakdown  ",Confidante ,3,3,3,5,3,4,5,26-35,Male,Bachelor’s degree,Saudi Arabia
6/22/2025 13:25:04,Yes,Consulting,Quality Assurance Ofiicer,8–15 years,"No, up to now. I'm using it personally",Yes,"ChatGPT (OpenAI), Google Gemini (formerly Bard)",A few times a month,2,3,5,4,4,3,2,5,5,5,"Audit Finfing Report
Strategic Planning","Creative, Initiative",3,3,4,4,3,3,4,36-45,Male,Bachelor’s degree,Saudi Arabia
6/22/2025 13:35:52,Yes,IT / Tech,Application support team leader ,8–15 years,ChatGPT (OpenAI),Yes,ChatGPT (OpenAI),A few times a month,5,5,3,5,5,5,5,5,5,5,"Formal emails
Sql commands
Writing Reports",Confident ,5,5,5,5,3,5,5,36-45,Female,Master’s degree,Saudi Arabia
6/22/2025 13:48:03,Yes,IT / Tech,Data Engineer,8–15 years,"ChatGPT (OpenAI), Microsoft Copilot, GitHub Copilot",Yes,"ChatGPT (OpenAI), Microsoft Copilot, GitHub Copilot",Daily,5,5,5,5,5,5,5,5,5,5,Everything in my life and all my daily task I use AI ,Professional ,5,5,5,5,5,5,5,26-35,Male,Bachelor’s degree,Saudi Arabia
6/22/2025 18:03:23,Yes,Healthcare,Pharmacist,8–15 years,ChatGPT (OpenAI),Yes,ChatGPT (OpenAI),A few times a month,1,4,5,4,4,4,4,4,3,3,Searching for new drugs use and interactions that i don't know,Neutral ,3,3,3,4,3,3,4,26-35,Male,Bachelor’s degree,Saudi Arabia
6/22/2025 20:28:21,Yes,Consulting,Site Electrical Engineer,1–3 years,"ChatGPT (OpenAI), Google Gemini (Formerly Bard)",Yes,ChatGPT (OpenAI),A few times a week,1,3,3,5,3,1,1,3,5,5,"1. Writing and rephrasing emails and reports.

2. Preparing technical documents like proposals and specifications.

3. Analyzing data and writing simple automation scripts.
","It feels efficient and empowering. Using Gen AI helps get things done faster, with more clarity, and improves the quality of communication and documentation. It’s a smart tool, not a shortcut",1,3,2,5,3,1,3,26-35,Male,Bachelor’s degree,Saudi Arabia
6/23/2025 9:20:51,Yes,IT / Tech,Solution Architect ,More than 15 years,"ChatGPT (OpenAI), Microsoft Copilot",Yes,"ChatGPT (OpenAI), Microsoft Copilot",A few times a week,4,4,5,2,5,4,4,5,3,1,To confirm network design or upgrade current design ,Normal because companies know that AI will help the company ,1,2,3,4,5,5,5,36-45,Male,Master’s degree,Saudi Arabia
6/22/2025 13:10:39,Yes,IT / Tech,CTO IN GLASFASER FIRMA,8–15 years,ChatGPT (OpenAI),Yes,ChatGPT (OpenAI),A few times a week,5,3,2,3,4,4,4,4,5,5,Anything related to my work need AI ,Satisfaction ,3,4,4,4,5,4,3,26-35,Male,Master’s degree,Sudan
6/22/2025 13:26:28,Yes,"Education / Academia, Consulting",Water Engineer,4–7 years,ChatGPT (OpenAI),Yes,ChatGPT (OpenAI),Daily,1,4,4,5,5,4,5,3,4,4,"Brainstorming, Analysis, validation ",Updated and tech-skilled,4,3,3,4,4,5,5,26-35,Female,Master’s degree,Sudan
6/22/2025 14:25:21,Yes,"IT / Tech, Consulting",Senior IT ,4–7 years,"ChatGPT (OpenAI), Google Gemini (Formerly Bard), Claude (Anthropic), Microsoft Copilot, Midjourney, GitHub Copilot, Stable diffusion, comfy Ui , gpt4all, ooga boga webui",Yes,"ChatGPT (OpenAI), Google Gemini (formerly Bard), Claude (Anthropic), Microsoft Copilot, Midjourney, GitHub Copilot",Daily,5,4,3,3,4,4,4,3,5,5,"Idea storming, problem solving, create manual for dummies ","I feel its like using a calculator in math exam, some may consider it cheating while others normalise it",3,3,3,3,3,2,3,26-35,Male,Bachelor’s degree,Sudan
6/22/2025 16:28:02,Yes,"IT / Tech, Non ",Program coordinator ,4–7 years,"ChatGPT (OpenAI), Google Gemini (Formerly Bard)",Yes,ChatGPT (OpenAI),Daily,2,3,4,5,4,3,3,5,4,5,.,.,3,3,3,3,3,3,3,18-25,Male,Bachelor’s degree,Sudan
6/22/2025 17:48:06,Yes,IT / Tech,Software engineer,4–7 years,"ChatGPT (OpenAI), Google Gemini (Formerly Bard), Claude (Anthropic), Microsoft Copilot, Midjourney, GitHub Copilot",Yes,"ChatGPT (OpenAI), Google Gemini (formerly Bard), GitHub Copilot",Daily,5,4,5,5,5,5,5,4,5,2,Build a JWT based authentication service that integrates with LDAP. Write a feature description document to submit to QA for testing. Build custom UI components with native js. ,"I don’t have to report that, I feel good about it, it demonstrates I have a new skill that improves my work quality and productivity. ",4,5,5,5,5,5,5,26-35,Prefer not to say,Bachelor’s degree,Sudan
6/22/2025 18:16:28,Yes,Healthcare,Dentist ,4–7 years,ChatGPT (OpenAI),Yes,ChatGPT (OpenAI),Daily,1,,5,5,3,3,4,3,5,5,"Dryg interaction, check noramal average, diagnosis ",I don't report that,5,4,5,5,3,,,26-35,Female,Master’s degree,Sudan
6/21/2025 19:19:02,Yes,Research,Senior Researcher,8–15 years,"ChatGPT (OpenAI), Google Gemini (Formerly Bard), Claude (Anthropic), Microsoft Copilot, Midjourney, GitHub Copilot, Consensus",Yes,"ChatGPT (OpenAI), Google Gemini (formerly Bard), Claude (Anthropic), Microsoft Copilot, Midjourney, GitHub Copilot, Consensus",Daily,5,5,5,3,5,5,5,5,4,4,"For summarising research documents, and for creating reports",I am completely okay with everyone knowing that,3,3,4,5,3,3,3,26-35,Male,Doctorate (PhD or equivalent),Turkey
6/22/2025 15:53:10,Yes,Export Sales Development ,Export Sales Specialist ,1–3 years,We do not have any officially approved AI tools but ChatGPT is widely used by employees within our organisation.,Yes,ChatGPT (OpenAI),Daily,1,3,4,5,5,5,5,5,5,5,Preparing sales contracts and promotional emails,"I will be happy to disclose this fact, nothing to be ashamed of, in fact it proves that I employ all tools at hand effectively to get my job done.",5,5,5,5,5,5,5,26-35,Male,Master’s degree,Turkey
6/22/2025 13:34:56,Yes,Finance / Banking,Tech lead ,8–15 years,"ChatGPT (OpenAI), Google Gemini (Formerly Bard), Claude (Anthropic), Microsoft Copilot, GitHub Copilot",Yes,"ChatGPT (OpenAI), Google Gemini (formerly Bard), Claude (Anthropic), Microsoft Copilot, Midjourney",Daily,3,4,3,2,5,4,5,5,5,4,"* Drafting and Refining Communications: 
I use Gen AI to help draft and improve emails, reports, and formal communication. It assists with grammar, tone, and clarity, helping me save time while ensuring professional quality.
* Data Analysis and Summarization: 
I use Gen AI to summarize large documents or datasets, making it easier to extract key insights quickly—especially useful for reviewing reports, policies, or research.
* Idea Generation and Problem Solving: 
I often use Gen AI to brainstorm solutions, generate ideas for process improvements, or explore different approaches to a challenge. It’s a helpful starting point for innovation and critical thinking.
",Using Gen AI for work-related tasks makes me feel empowered and efficient. It allows me to handle repetitive or time-consuming tasks more quickly.,2,5,4,5,5,5,4,46-55,Male,Bachelor’s degree,Uganda
6/22/2025 12:53:20,Yes,Education / Academia,English Language Teacher ,4–7 years,"ChatGPT (OpenAI), Google Gemini (Formerly Bard)",Yes,"ChatGPT (OpenAI), Google Gemini (formerly Bard), Deepseek ",A few times a week,2,5,5,4,5,5,5,3,3,5,"Prepare lessons and homeworks, measuring result of the students",Fine by me,3,4,3,5,5,5,3,26-35,Male,Bachelor’s degree,United Arab Emirates
6/22/2025 13:17:49,Yes,IT / Tech,Senior Software Engineer ,8–15 years,"ChatGPT (OpenAI), Claude (Anthropic), GitHub Copilot",Yes,"ChatGPT (OpenAI), Claude (Anthropic)",Daily,3,3,3,2,4,3,3,5,4,4,"Find solutions for my work, fix bug of code، ",It's normal to do that ,3,4,4,4,4,5,5,26-35,Male,Master’s degree,United Arab Emirates
6/22/2025 13:35:10,Yes,IT / Tech,Business Analyst ,4–7 years,"ChatGPT (OpenAI), Microsoft Copilot, GitHub Copilot",Yes,"ChatGPT (OpenAI), Manus",Rarely,2,4,5,4,4,4,4,4,5,4,"Enhance email, help in the plan,ideas",Good,4,4,4,4,4,4,4,26-35,Male,Bachelor’s degree,United Arab Emirates
6/22/2025 14:06:26,Yes,IT / Tech,Software engineer,8–15 years,"Microsoft Copilot, GitHub Copilot",Yes,"ChatGPT (OpenAI), Google Gemini (formerly Bard), Microsoft Copilot, GitHub Copilot",Daily,5,5,5,5,5,5,5,5,5,5,Automation testing ,I can do this ,5,5,5,5,5,5,5,26-35,Female,Master’s degree,United Arab Emirates
6/22/2025 14:16:01,Yes,IT / Tech,DevOps Lead,4–7 years,Microsoft Copilot,Yes,Microsoft Copilot,A few times a week,4,4,4,5,5,5,3,5,3,1,"Drafting scripts, rewriting emails","Neutral, AI won't create engineers out of nothing",1,1,1,3,5,5,5,26-35,Male,Bachelor’s degree,United Arab Emirates
6/22/2025 14:28:20,Yes,IT / Tech,Retail Solution Specialist,More than 15 years,"Microsoft Copilot, GitHub Copilot",Yes,"Microsoft Copilot, GitHub Copilot",A few times a month,1,4,3,5,4,4,4,5,5,5,"Fleet Solution, Telematics",Get the repetitive work done by AI,4,4,4,4,4,4,4,36-45,Male,Master’s degree,United Arab Emirates
6/22/2025 15:13:31,Yes,IT / Tech,Devops Engineer,8–15 years,Microsoft Copilot,Yes,Microsoft Copilot,Daily,3,2,4,5,3,3,4,1,4,3,scipst,good,3,3,3,4,4,4,4,26-35,Male,Bachelor’s degree,United Arab Emirates
6/22/2025 20:56:18,Yes,IT / Tech,Senior data analyst ,8–15 years,"Microsoft Copilot, GitHub Copilot",Yes,"ChatGPT (OpenAI), Google Gemini (formerly Bard), Claude (Anthropic), Microsoft Copilot",A few times a week,3,4,3,4,1,2,2,1,3,1,"Simple scripts, boilerplate generation, formatting email writing ",Neutral ,4,3,1,4,4,4,5,26-35,Male,Bachelor’s degree,United Arab Emirates
6/23/2025 8:01:17,Yes,IT / Tech,Software Engineer,8–15 years,Google Gemini (Formerly Bard),Yes,"ChatGPT (OpenAI), Google Gemini (formerly Bard), GitHub Copilot",A few times a month,4,4,5,5,4,4,5,5,3,1,"generated evaluation reports from daily tasks
emails communications",I have reported that normally,1,1,1,3,5,5,5,26-35,Male,Bachelor’s degree,United Arab Emirates
6/22/2025 20:56:17,Yes,IT / Tech,Software engineer ,8–15 years,"ChatGPT (OpenAI), Claude (Anthropic), Microsoft Copilot, GitHub Copilot",Yes,"ChatGPT (OpenAI), Google Gemini (formerly Bard), Claude (Anthropic), Microsoft Copilot, GitHub Copilot",Daily,5,5,5,5,5,5,4,5,5,5,"My answers are biased because I work with generative AI tools every day to build complex products. I focus on integrating different tools into my routine as smoothly and efficiently as possible. I’m an AI engineer, someone whose job is to figure out how to use AI to solve real problems and make the world better. And by the way, I wish you all the best.","Btw I just used it to phrase the answer above lol. It’s a tool while it’s my own responsibility to use it the best way possible. The comparison is between me and the AI, vs either me without AI or AI without me. I think both are less than our team. I love us!",4,4,4,5,5,5,5,26-35,Male,Master’s degree,United States
6/21/2025 15:04:38,No,,,,,,,,,,,,,,,,,,,,,,,,,,,,,,
6/21/2025 15:27:47,Yes,"Finance / Banking, Government / Public sector",Development Officer,1–3 years,None,No,,,,,,,,,,,,,,,,,,,,,,,,,
6/22/2025 10:21:18,No,,,,,,,,,,,,,,,,,,,,,,,,,,,,,,
6/22/2025 10:46:59,Yes,Manufacturing,Senior Engineer,1–3 years,"ChatGPT (OpenAI), Google Gemini (Formerly Bard), Own AI bot",No,,,,,,,,,,,,,,,,,,,,,,,,,
6/22/2025 11:57:01,No,,,,,,,,,,,,,,,,,,,,,,,,,,,,,,
6/22/2025 15:49:03,No,,,,,,,,,,,,,,,,,,,,,,,,,,,,,,
6/22/2025 16:33:27,Yes,IT / Tech,software engg dev,Less than 1 year,ChatGPT (OpenAI),No,,,,,,,,,,,,,,,,,,,,,,,,,
6/22/2025 17:42:45,No,,,,,,,,,,,,,,,,,,,,,,,,,,,,,,
6/23/2025 21:40:38,Yes,IT / Tech,,Less than 1 year,"ChatGPT (OpenAI), Claude (Anthropic), Microsoft Copilot, GitHub Copilot",Yes,"ChatGPT (OpenAI), Claude (Anthropic), Microsoft Copilot, GitHub Copilot",Daily,3,3,4,2,4,5,4,3,1,2,Coding,Pretty good,1,1,2,4,5,5,4,18-25,Male,Bachelor’s degree,India
6/24/2025 5:37:51,Yes,IT / Tech,,8–15 years,,No,,,,,,,,,,,,,,,,,,,,,,,,,
6/24/2025 15:21:30,Yes,IT / Tech,IP design engineer ,8–15 years,"ChatGPT (OpenAI), Google Gemini (Formerly Bard)",No,,,,,,,,,,,,,,,,,,,,,,,,,
6/24/2025 15:25:08,No,,,,,,,,,,,,,,,,,,,,,,,,,,,,,,
6/24/2025 15:32:03,Yes,Healthcare,Internship physician,Less than 1 year,,Yes,"ChatGPT (OpenAI), Google Gemini (formerly Bard), Grok",A few times a week,3,3,2,4,4,3,3,4,2,3,It helps me diagnose the patient and choose the appropriate medication and dosage for him.,"I feel a bit of a contradiction, a positive feeling that I'm keeping up with modern technology and adept at using it as a reality and a necessity. Sometimes I feel like I'm training my mind to be dependent and lazy.",2,3,4,3,3,2,3,26-35,Male,Bachelor’s degree,Egypt
6/24/2025 15:57:52,Yes,IT / Tech,Marketing and automation specialist,1–3 years,"ChatGPT (OpenAI), Google Gemini (Formerly Bard)",Yes,ChatGPT (OpenAI),Daily,4,4,3,5,4,4,4,3,5,4,"Market Research, Client Communication and marketing ",I'm the founder of my company so I totally agree,4,3,5,5,5,5,4,26-35,Male,Bachelor’s degree,Oman
6/24/2025 16:09:53,Yes,"Finance / Banking, ",محاماه,4–7 years,ChatGPT (OpenAI),Yes,Google Gemini (formerly Bard),Daily,2,2,2,3,2,3,3,3,3,3,Yes ,Yes ,3,3,3,3,3,2,2,26-35,Male,Bachelor’s degree,Saudi Arabia
6/24/2025 17:23:17,Yes,Automotives,Parts advisor ,8–15 years,Google Gemini (Formerly Bard),Yes,Google Gemini (formerly Bard),A few times a month,3,4,5,5,3,5,5,5,3,2,Emails,I don't know ,2,1,1,1,2,3,3,26-35,Male,Bachelor’s degree,Saudi Arabia
6/24/2025 19:40:14,Yes,IT / Tech,CM Trainer ,1–3 years,"Google Gemini (Formerly Bard), Company private AI",Yes,"Google Gemini (formerly Bard), Company private AI",Daily,5,5,5,5,5,5,5,5,5,5,"Training outlines, Training materials ",It’s recommended ,5,5,,5,5,5,3,36-45,Male,Bachelor’s degree,Poland
6/24/2025 22:11:17,Yes,Healthcare,Stellvertretende Pflegedienst Leitung ,8–15 years,ChatGPT (OpenAI),Yes,ChatGPT (OpenAI),Daily,1,1,1,5,5,5,5,5,5,5,"Ich habe dass benutzt in meine facharbeit 
Ich habe benutzt in meine neue Projekt 
يساعدني في حياتي اليوميه العمليه وًالعلميه و المهنيه",احس بفخر لما استمعله ,5,5,5,5,5,5,5,26-35,Female,Bachelor’s degree,Germany
6/24/2025 23:16:44,Yes,Government / Public sector,Mechanical Engineer ,8–15 years,Microsoft Copilot,Yes,"ChatGPT (OpenAI), Microsoft Copilot",A few times a week,2,3,2,5,3,3,4,3,3,3,"Research, document preparations, benchmarking ",I feel not interested in showing that I used Gen AI ,3,1,2,3,3,1,5,26-35,Male,Master’s degree,Qatar
6/25/2025 0:09:44,Yes,IT / Tech,Test developer - production,8–15 years,"Google Gemini (Formerly Bard), Claude (Anthropic)",Yes,"Google Gemini (formerly Bard), Claude (Anthropic)",Daily,3,2,5,5,4,4,2,4,4,4,"- development,  clause is integrated into our repository so we can personalize it and help with coding and code reviews. 
- we have a lot of processes, and documentation that we need to go through. Gemini is very helpful when answer questions related to company documents or devices/tools user guide.",We are asked to use AI in our daily activities. Management pushing toward using AI to improve efficiency. ,1,4,2,4,5,5,5,36-45,Male,Master’s degree,Canada
6/25/2025 10:53:00,Yes,Consulting,BD,More than 15 years,ChatGPT (OpenAI),Yes,ChatGPT (OpenAI),A few times a week,3,3,3,2,4,3,3,4,3,2,"Marketing Research, Proposal related to spesific topic and revision of Financial plans","I did modification not copy and past, rephrasing or adding from my own knowledge ",1,1,2,3,1,1,3,46-55,Female,Master’s degree,United Arab Emirates
6/25/2025 19:50:43,Yes,IT / Tech,Developer,1–3 years,Microsoft Copilot,Yes,Microsoft Copilot,Daily,4,4,4,2,5,4,4,4,4,4,"Drafting emails, coding",Yes,3,4,4,5,5,4,5,26-35,Female,Bachelor’s degree,India
6/27/2025 19:20:50,Yes,Government / Public sector,Lab assistant,1–3 years,ChatGPT (OpenAI),No,,,,,,,,,,,,,,,,,,,,,,,,,
6/27/2025 19:24:38,Yes,Education / Academia,Student,1–3 years,ChatGPT (OpenAI),Yes,ChatGPT (OpenAI),A few times a week,4,2,5,5,4,5,5,4,2,1,coding and idea collection,"A bit shameful, but I still know that I use it only if I can't find an immediate answer per google and that I am able to question the AI's answers",3,4,1,3,4,2,4,18-25,Female,High school or equivalent,Germany
6/27/2025 19:26:36,Yes,Healthcare,Student assistant ,1–3 years,I don't know for sure,No,,,,,,,,,,,,,,,,,,,,,,,,,
6/28/2025 7:17:17,Yes,Education / Academia,SHK,Less than 1 year,,Yes,ChatGPT (OpenAI),A few times a week,4,4,5,5,4,4,3,3,2,1,"Translation, writing of abstracts for a study","Not so good. Since AI ist not necessary for my work, the thought of my supervisor finding out stresses me a bit",2,3,3,4,3,3,4,18-25,Female,Bachelor’s degree,Germany
6/30/2025 7:02:06,Yes,Oil and Gas,Section Head Production Operation,More than 15 years,,No,,,,,,,,,,,,,,,,,,,,,,,,,
7/1/2025 2:27:58,Yes,IT / Tech,Software Architect,8–15 years,Google Gemini (Formerly Bard),Yes,"Google Gemini (formerly Bard), DeepSeek",A few times a month,4,3,4,5,3,3,3,4,3,2,"Validation of texts that will be presented to users, structuring emails, summarizing conversations in meetings",neutral,2,3,3,4,4,5,4,26-35,Male,Bachelor’s degree,Brazil